Group,Marker Icon,Marker Color,Icon Color,Custom Size,Name,Image,Description,Location,Latitude,Longitude
Museum,,darkblue,,,Pleasanton's Museum on Main,,"<b>Website:</b> <a href=""http://www.museumonmain.org/"" target=""_blank"">http://www.museumonmain.org/</a>
<p><b> Type of Organization: </b> Museum </p>
<p><b>Address:</b>603 Main St.,
 Pleasanton, CA 94566</p>
<p><b>Phone:</b> (925)462-2766 </p>
<p><b> Contact Email: </b> curator@museumonmain.org </p>
<p><b> Contact Person: </b>  Ken MacLennan- Curator</p>
<p><b> Latino Materials: </b> Photographs, Artifacts, Books, Pamphlets, Manuscripts </p>
<p> <b> Details: </b> Apporximately 4-500 documents and 1-200 photographs relevant to the ranchero families of the area and their legacies. The reference library has fewer than a dozen books and pamphlets related to the Spanish colonization of California and the 19th-century establishment of Hispanic families in the area. </p> 
","603 Main St., Pleasanton, CA 94566",37.6617749,-121.8756066
Museum,,darkblue,,,"<center><font size=""5"">Benica Historical Museum</center></font>",,"<b>Website:</b> <a href=""http://beniciahistoricalmuseum.org/"" target=""_blank"">http://beniciahistoricalmuseum.org/</a>
<p><b> Type of Organization: </b> 
Museum </p>
<p><b>Address:</b>
 2060 Camel Road, 
Benica, CA 94510
 </p>

<p><b>Phone:</b> 
(707) 745-5435
 </p>

<p><b> Contact Email: </b> 
eliz@beniciahistoricalmuseum
 </p>
<p><b> Contact Person: </b>  Elizabeth d'Huart </p> 

<p><b> Latino Materials: </b> Photographs, Artifacts, Books, Manuscripts, exhibits </p>


","2060 Camel Road, 
Benica, CA 94510",38.0531306,-122.1341765
Museum,,darkblue,,,"<center><font size=""5"">Chicano Park Museum</center></font>",,"<b>Website:</b> <a href=""http://www.chicanoparkmuseum.org/"" target=""_blank"">http://www.chicanoparkmuseum.org/</a>

<p><b> Type of Organization: </b> Museum </p>
<p><b>Address:</b> 1982 National Ave, 
San Diego, CA 92113 </p>
<p><b>Phone:</b> (916) 847-4569 </p>
<p><b> Contact Email: </b> jstalamantez@gmail.com </p>
<p><b> Contact Person: </b> Josephine S. Talamantez </p>
<p><b> Latino Materials: </b> Newspapers, Photographs, Pamphlets, Newsletters, Archives of over 47+ years of Chicano Park history, 48 years of historical documents </p>

","1982 National Ave, 
San Diego, CA 92113",32.6998708,-117.14343
Genealogical Society,,darkred,,,"<center><font size=""5"">Claremont Heritage</center></font>",,"<b>Website:</b> <a href=""http://www.claremontheritage.org/about.html"" target=""_blank"">http://www.claremontheritage.org/about.html</a>
<p><b> Type of Organization: </b> Genealogical Society  </p>
<p><b>Physical Address:</b> 840 N Indian Hill Blvd
Claremont, CA </p>
<p><b> Mailing Address:</b>  PO Box 742, 
Claremont CA 91711 </p>
<p><b>Phone:</b> (909) 621-0848 </p>
<p><b> Contact Email: </b> research@claremontheritage.org </p>
<p><b> Contact Person: </b>  Sean Stanley </p> 
<p><b> Latino Materials: </b> Photographs, Artifacts, Books, Audio Visual </p> 
","840 N Indian Hill Blvd
Claremont, CA 

Mailing address: 
 PO Box 742, 
Claremont CA 91711",34.1024107,-117.7196375
Historical Society,,darkgreen,,,"<center><font size=""5"">Contra Costa County Historical Society 
History Center </center></font>",,"<b>Website:</b> <a href=""http://www.cocohistory.org/frm-center.html"" target=""_blank"">http://www.cocohistory.org/frm-center.html</a>
 <p><b> Type of Organization: </b> Archive </p>
<p><b>Address:</b> 724 Escobar,
 Martinez, CA  </p>
<p><b>Phone:</b> (925) 229-1042 </p>
<p><b> Contact Email: </b> director@cocohistory.com </p>
<p><b> Contact Person: </b> Priscilla A. Couden, Ph.D. </p>
<p><b> Latino Materials: </b> Letters and/or correspondence, Photographs, Books, Detailed genealogies of Californios
</p>","724 Escobar,
 Martinez, CA ",38.0179648,-122.1365044
Historical Society,,darkgreen,,,"<center><font size=""5"">Folsom Historical Society</center></font>",,"<b>Website:</b> <a href=""http://www.folsomhistoricalsociety.org/"" target=""_blank"">http://www.folsomhistoricalsociety.org/</a>

<p><b> Type of Organization: </b> Historical Society </p>
<p><b>Address:</b> 823 Sutter Street, Folsom, California </p>
<p><b>Phone:</b> (916) 985-2707  x11 </p>
<p><b> Contact Email: </b> collections@folsomhistoricalsociety.org </p>
<p><b> Contact Person: </b> Kaitlyn Scott </p>
<p><b> Latino Materials: </b> Letters and/or correspondence, Photographs, Books, Land grants/deeds</p> 
","823 Sutter Street, Folsom, California",38.67637,-121.1784277
Historical Society,,darkgreen,,,"<center><font size=""5"">Fresno Historical Society</center></font>",,"<b>Website:</b> <a href=""http://www.valleyhistory.org/"" target=""_blank"">http://www.valleyhistory.org/</a>
<p><b> Type of Organization: </b> Historical Society </p>
<p><b>Address:</b> 7160 West Kearney Boulevard
Fresno, California 93706 </p>
<p><b>Phone:</b> (559) 441-0862 </p>
<p><b> Contact Email: </b> khogue@valleyhistory.org </p>
<p><b> Contact Person: </b> Katy Hogue </p>
<p><b> Latino Materials: </b> 
Photographs, Audio Visual, 
Newspapers, Photographs, Books, Pamphlets, Newsletters, Vertical Research Files </p>

<p><b>Details:</b> Various uncatalogued photographs. Ethnic Oral History Collection, 1978 - twenty-nine audio interviews with Mexican-American community members from Fresno California in English and Spanish. They are on cassette tape and transcribed. 10 photos, 5 books, 6 research files with newspaper clippings/pamphlets </p>
","7160 West Kearney Boulevard
Fresno, CA 93706",36.7237575,-119.919426
Museum,,darkblue,,,"<center><font size=""5"">Gilroy Historical Society</center></font>",,"<b>Website:</b> <a href=""https://www.gilroyhistoricalsociety.org/"" target=""_blank"">https://www.gilroyhistoricalsociety.org/</a>

<p><b> Type of Organization: </b> Museum </p>
<p><b>Address:</b> PO Box 1621, Gilroy, CA 95021 </p>
<p><b>Phone:</b> (408) 842-8698 </p>
<p><b> Contact Email: </b> joaniemlewis@charter.net </p>
<p><b> Contact Person: </b> Joan Lewis</p>
<p><b> Latino Materials: </b> Newspapers, Photographs, Artifacts, Books, Pamphlets </p>
","PO Box 1621, Gilroy, CA 95021",37.01,-121.57
Historical Society,,darkgreen,,,"<center><font size=""5"">Hayward Area Historical Society</center></font>",,"<b>Website:</b> <a href=""http://www.haywardareahistory.org/"" target=""_blank"">http://www.haywardareahistory.org/</a>

<p><b> Type of Organization: </b> Historical Society </p> 
<p><b>Address:</b> 22380 Foothill Boulevard,
 Hayward, CA 94541 </p>
<p><b>Phone:</b> (510) 581-0223 </p>
<p><b> Contact Email: </b> diane@haywardareahistory.org </p>
<p><b> Contact Person: </b> Diane Curry </p>
<p><b> Latino Materials: </b> Newspapers </p> 
<p><b> Details: </b> Newspaper clippings, not full paper: Oakland Tribune 1919-1996; Daily Review about 1956-2000 </p>","22380 Foothill Boulevard,
 Hayward, CA 94541",37.6768288,-122.0825461
Museum,,darkblue,,,"<center><font size=""5"">History San Jose</center></font>",,"<b>Website:</b> <a href=""http://historysanjose.org/wp/"" target=""_blank"">http://historysanjose.org/wp/</a>
<p><b> Type of Organization: </b> Museum </p>
<p><b>Address:</b> 1650 Senter Road
 San José, CA 95112 </p>
<p><b>Phone:</b> (408) 521-5025 </p>
<p><b> Contact Email: </b> cmills@historysanjose.org </p>
<p><b> Contact Person: </b> Catherine Mills </p>
<p><b> Latino Materials: </b> Newspapers, Letters and/or correspondence, Photographs, Artifacts, Books, Pamphlets, Audio Visual, Manuscripts
<p><b> Details: </b> Biographical clippings mostly from the San José Mercury News and scattered clippings from earlier San José newspapers; Obituaries Index 1879 to 1912. Index lists date of obituary and newspaper. Newspapers indexed include the (San José) Daily Morning Times, San José Evening News, San José Daily News, San José (Daily) Herald, and the San José Mercury; On microfilm: Daily Morning Times, July 1879 – December 1881; July-December 1884; Morning Times, October 1906 – September 1909; San José Daily City Item, February 1884 – March 1885; San José Herald, September 1876 – December 1889; July 1890 – December 1896; July 1897 – December 1900; San José Mercury, November 1861 December 1862; August 1869 – January 1870; San José Daily News, March 1885 – December 1886; San José Evening News, January 1887 – December 1896; July 1897 –December 1936; March 1937 – December 1947.</p> ","
 San Jose, CA ",37.3382082,-121.8863286
Museum,,darkblue,,,"<center><font size=""5"">La Historia Society</center></font>",,"<b>Website:</b> <a href=""https://www.facebook.com/LHSMElMonte/"" target=""_blank"">https://www.facebook.com/LHSMElMonte/</a>

<p><b> Type of Organization: </b> Museum </p>
<p><b>Address:</b> 3240 Tyler Ave,
 El Monte, CA 91731 </p>
<p><b>Phone:</b> (626) 246-4631 </p>
<p><b> Contact Email: </b> rosa_russ@hotmail.com
<p><b> Contact Person: </b> Rosa Peña
<p><b> Latino Materials: </b> Audio interviews, Newspapers, Letters and/or correspondence, Photographs, Artifacts, Books, Pamphlets, Manuscripts</p>

","3240 Tyler Ave,
 El Monte, CA 91731",34.0675501,-118.0357277
Historical Society,,darkgreen,,,"<center><font size=""5"">La Raza Historical Society of Santa Clara Valley</center></font>",,"<b>Website:</b> <a href=""http://www.livermorehistory.com/"" target=""_blank"">http://www.livermorehistory.com/</a>
<p><b> Type of Organization: </b> Historical Society </p>
<p><b>Address:</b> 1650 Senter Rd,
SAN JOSE 95112 </p>
<p><b>Phone:</b> (408) 923-2287 </p>
<p><b> Contact Email: </b>  grantguy@pacbell.net </p>
<p><b> Contact Person: </b> Ramon Martinez </p>
<p><b> Latino Materials: </b> Photographs, Pamphlets, Newsletters, Audio Visual,  </p>
<p><b> Details: </b> 600 El Excentrico Magazines 1949 - 1981 </p>","1650 Senter Rd,
SAN JOSE 95112",37.319256,-121.85953
Museum,,darkblue,,,"<center><font size=""5"">Monrovia Historical Museum Foundation, Inc.</center></font>",,"<b>Website:</b> <a href=""http://www.monroviahistoricalmuseum.org/"" target=""_blank"">http://www.monroviahistoricalmuseum.org/</a>

<p><b> Type of Organization: </b> Museum </p>
<p><b>Address:</b> 742 East Lemon Avenue
 Monrovia, CA 91016</p>
<p><b>Phone:</b> (626) 599-8187 </p>
<p><b> Contact Email: </b> monroviahistoricalmuseum@gmx.com </p>
<p><b> Contact Person: </b>  Pam Barkas </p>
<p><b> Latino Materials: </b> Photographs, Artifacts, Books, Pamphlets, Aztec calendar, Mexican pottery </p>
","742 East Lemon Avenue
 Monrovia, CA 91016

Monrovia Historical Museum
P.O. Box 2359
Monrovia, CA 91017",34.1466291,-117.9888099
Museum,,darkblue,,,"<center><font size=""5"">Rancho Los Cerritos</center></font>",,"<b>Website:</b> <a href=""rancholoscerritos.com"" target=""_blank"">rancholoscerritos.com</a>
<p><b> Type of Organization: </b> Museum </p>
<p><b>Address:</b> 4600 Virginia Road
 Long Beach, California 90807 </p>
<p><b>Phone:</b>  (562) 206-2039
<p><b> Contact Email: </b> SarahW@rancholoscerritos.org  </p>
<p><b> Contact Person: </b> Sarah FitzGerald </p> 
<p><b> Latino Materials: </b> Newspapers, Letters and/or correspondence, Photographs, Artifacts, Books, Newsletters, Audio Visual, Manuscripts, Census records, maps, legal documents, misc. writings </p>
","4600 Virginia Road
 Long Beach, California 90807",33.8394152,-118.1957641
Historical Society,,darkgreen,,,"<center><font size=""5"">San Francisco Latino Historical Society</center></font>",,"<b>Website:</b> <a href=""http://sflhs.com/home"" target=""_blank"">http://sflhs.com/home</a>
<p><b> Type of Organization: </b> Historical Society </p>
<p><b>Address:</b> SF Latino Historical Society,
 PO Box 720107, SF, 94172 </p>
<p><b>Phone:</b> (415) 695-1751 </p>
<p><b> Contact Email: </b> info@sflhs.com </p>
<p><b> Contact Person: </b> Ms. Cervantes </p>
<p><b> Latino Materials: </b>  Letters and/or correspondence, Photographs, Pamphlets </p>
","SF Latino Historical Society,
 PO Box 720107, SF, 94172",37.788862,-122.402976
Historical Society,,darkgreen,,,"<center><font size=""5"">San Juan Capistrano Historical Society</center></font>",,"<b>Website:</b> <a href=""http://sjchistoricalsociety.com/contact/"" target=""_blank"">http://sjchistoricalsociety.com/contact/</a>
<p><b> Type of Organization: </b> Musuem </p>
<p><b>Address:</b> 31831 Los Rios Street
 San Juan Capistrano, CA 92675 </p>
<p><b>Phone:</b> (949) 493-8444 </p>
<p><b> Contact Email: </b> museum@capistranohistory.org </p>
<p><b> Contact Person: </b> Jan Siegel </p>
<p><b> Latino Materials: </b> Newspapers, Photographs, Artifacts, Books, Pamphlets, Newsletters, Audio Visual, Manuscripts, structures </p>
<p><b> Details: </b>  Mission town founded by St. Junipero Serra, 7th in California Mission chain. They have thousands of photographs and hundreds of artifacts, books, pamphlets, etc. Their location is on the oldest residential street in California.  On the street is the oldest house in California with the same family living in it.  The current owner's children are 10th generation living in that house. They are Hispanic. They are currently preserving an adobe house from 1840 on our property, built by an Hispanic and they will use it to highlight our artifacts of that period which was the Mexican period in California.  Hispanic culture is the core of the community.  Spanish, Mexican, Basque have all played an integral part of their history. </p> ","31831 Los Rios Street
 San Juan Capistrano, CA 92675",33.5004687,-117.6643625
Museum,,darkblue,,,"<center><font size=""5"">The Museum of Ventura County</center></font>",,"<b>Website:</b> <a href=""https://www.arcadiaca.gov/government/city-departments/museum"" target=""_blank"">https://www.arcadiaca.gov/government/city-departments/museum</a>
<p><b> Type of Organization: </b> Museum </p>
<p><b>Address:</b> 100 East Main Street
Ventura, CA 93001-2698 </p>
<p><b>Phone:</b> (805) 653-0323 x321 </p>
<p><b> Contact Email: </b> adelacruz@venturamuseum.org </p>
<p><b> Contact Person: </b> Amber DelaCruz </p>
<p><b> Latino Materials: </b> Newspapers, Letters and/or correspondence, Photographs, Artifacts, Books, Pamphlets, Audio Visual, Manuscripts</p>
<p><b> Details: </b> 2-3 Newspapers, at least 1 bankers box of letters, over 1,000 photographs, 300-400 artifacts, about 120 books, about 20 pamphlets, 32 oral history interviews, about 5 manuscripts. </p>","100 East Main Street
Ventura, CA 93001-2698",34.2806642,-119.299308
Museum,,darkblue,,,"<center><font size=""5"">The Rancho Los Alamitos</center></font>",,"<b>Website:</b> <a href=""https://www.rancholosalamitos.com/"" target=""_blank"">https://www.rancholosalamitos.com/</a>
<p><b> Type of Organization: </b> Musuem </p> 
<p><b>Address:</b> 6400 Bixby Hill Road
Long Beach, CA 90815 </p>
<p><b>Phone:</b> (562) 431-3541 </p>
<p><b> Contact Email: </b> margaret@rancholosalamitos.org </p>
<p><b> Contact Person: </b> Margaret Monti </p>
<p><b> Latino Materials: </b> Letters and/or correspondence, Photographs, Audio Visual, Manuscripts
 </p>","6400 Bixby Hill Road
Long Beach, CA 90815",33.7768442,-118.1070102
Museum,,darkblue,,,"<center><font size=""5"">Desert Caballeros Western Museum</center></font>",,"<b>Website:</b> <a href=""http://westernmuseum.org/"" target=""_blank"">http://westernmuseum.org/</a>
<p><b> Type of Organization: </b> Museum </p>
<p><b>Address:</b> 21 N Frontier St, 
Wickenburg, AZ 85390 </p>
<p><b>Phone:</b> (928) 684-2272</p>
<p><b> Contact Email: </b> marketing@westernmuseum.org </p>
<p><b> Contact Person:</b> Schlueter, Amanda </p> 
<p><b> Latino Materials: </b>Photographs</p>","21 N Frontier St, 
Wickenburg, AZ 85390",33.9685124,-112.7309943
Museum,,darkblue,,,"<center><font size=""5"">Primeria Alta Historical Society & Museum</center></font>",,"<b>Website:</b> <a href=""http://www.pimeriaaltamuseum.org/"" target=""_blank"">http://www.pimeriaaltamuseum.org/</a>
<p><b> Type of Organization: </b> Museum </p>
<p><b>Address:</b> 136 N. Grand Avenue, 
Nogales, Arizona 85621 </p>
<p><b>Phone:</b> (520) 287-2305 </p>
<p><b> Contact Email: </b> sigmasigrid@yahoo.com </p>
<p><b> Contact Person: </b> Sigrid Maitrejean </p>
<p><b> Latino Materials: </b> Newspapers, Letters and/or correspondence, Photographs, Artifacts, Books, Pamphlets, Newsletters, Audio Visual, Manuscripts
<p><b>Details: </b> Newspaper: Nogales Harold 1921-200u (hardcopy and microfilm); microfilm of Newsletters: Historical Society from 1950s </p>","136 N. Grand Avenue, 
Nogales, Arizona 85621",31.3348559,-110.9408141
Museum,,darkblue,,,"<center><font size=""5"">Santa Cruz Valley Historic Museum</center></font>",,"<b>Website:</b> <a href=""http://scvhmuseum.org/"" target=""_blank"">http://scvhmuseum.org/home/</a>
<p><b> Type of Organization: </b> Museum </p>
<p><b>Address:</b> 
<br> Physical: 3725 N. Camelot St. 
Eloy, AZ 85131
<br> Mailing: PO Box 280
 Arizona City, AZ 85123 </p>
<p><b>Phone:</b> (520) 840-1041 </p>
<p><b> Latino Materials: </b> Photographs, several Newspaper Clippings and a few photos </p>

","Physical Address: 
3725 N. Camelot St. 
Eloy, AZ 85131

Mailing Address: 
PO Box 280
 Arizona City, AZ 85123",32.7894026,-111.6183738
Museum,,darkblue,,,"<center><font size=""5"">Tempe History Museum </center></font>",,"<b>Website:</b> <a href=""http://tempehistory.org/"" target=""_blank"">http://tempehistory.org/</a>
<p><b> Type of Organization: </b> Museum </p>
<p><b>Address:</b> 809 E Southern Ave, 
Tempe, AZ 85282-5205 </p>
<p><b>Phone:</b> (480) 350-5110 </p>
<p><b> Contact Email: </b> jared_smith@tempe.gov  </p>
<p> <b>Contact Person:</b> Jared Smith (History Curator) </p>
<p><b> Latino Materials: </b> Newspapers, Letters and/or correspondence, Photographs, Artifacts, Books, Pamphlets, Newsletters, Audio VisualManuscripts </p>
<p><b>Details:</b> Newspapers: Tempe Daily News 1888- about 2010 (full paper with some gaps before 1944); Arizona Republic 1959- about 2010 (started in 1890 but Pheonix based so other locations have full dates); some of Pheonix Gazette; runs of other papers in microfilm that was donated from Tempe Library after they stopped supporting microfilm; Newsletters: mostly organizational and city related (City of Tempe, Historical Society and Museum); none of the material is digitized </p> ","809 E Southern Ave, 
Tempe, AZ 85282-5205 ",33.3923008,-111.927377
Historical Society,,darkgreen,,,"<center><font size=""5"">Creede History Museum and Historical Society</center></font>",,"<b>Website:</b> <a href=""www.creedehistoricalsociety.com"" target=""_blank"">www.creedehistoricalsociety.com</a>
<p><b> Type of Organization: </b> Historical Society </p>
<p><b>Address:</b> 17 Main Street 
PO Box 608 Creede, CO 81130 </p> 
<p><b> Contact Email: </b> creedehistoricalsociety@gmail.com </p>
<p><b> Contact Person: </b> Johanna Gray </p>
<p><b> Latino Materials: </b> Photographs, Books, SLV Historian
 </p>","17 Main Street 
PO Box 608 
Creede, CO 81130 ",37.8524227,-106.9270181
Library,,darkorange,,,"<center><font size=""5"">Douglas County History Research Center</center></font>",,"<b>Website:</b> <a href=""http://douglascountyhistory.org/"" target=""_blank"">http://douglascountyhistory.org/</a>
<p><b> Type of Organization: </b> Public Library </p> 
<p><b>Address:</b>  Philip S. Miller Library
 100 South Wilcox
 Castle Rock, CO 80104-1911 </p>
<p><b>Phone:</b> (303) 688-7732 </p>
<p><b> Contact Email: </b> sboyd@dclibraries.org </p>
<p><b> Contact Person: </b> Shaun Boyd </p>
<p><b> Latino Materials: </b> May have materials 
</p>","Douglas County History Research Center
 Philip S. Miller Library
 100 South Wilcox
 Castle Rock, CO 80104-1911",39.368108,-104.859151
Historical Society,,darkgreen,,,"<center><font size=""5"">Frontier Historical Museum</center></font>",,"<b>Website:</b> <a href=""http://glenwoodhistory.com/index.html"" target=""_blank"">http://glenwoodhistory.com/index.html</a>
<p><b> Type of Organization: </b> Museum </p>
<p><b>Address:</b> 1001 Colorado Avenue
Glenwood Springs, CO 81601 </p> 
<p><b>Phone:</b> (970) 945-4448 </p>
<p><b> Contact Email: </b> history@rof.net </p>
<p><b> Contact Person: </b> Bill Kight </p>
<p><b> Latino Materials: </b> Newspapers </p>
","1001 Colorado Avenue
Glenwood Springs, CO 81601",39.5439521,-107.3261933
Museum,,darkblue,,,"<center><font size=""5"">Museum of Western Colorado Research Center and Library</center></font>",,"<b>Website:</b> <a href=""http://www.rootsweb.ancestry.com/~comesa2/mwc.html"" target=""_blank"">http://www.rootsweb.ancestry.com/~comesa2/mwc.html</a>
<p><b> Type of Organization: </b> Museum </p>
<p><b>Address:</b> 248 S. 4th St., 
Grand Junction, CO 81501 </p>
<p><b>Phone:</b> (970) 242-0971 </p>
<p><b> Contact Email: </b> eschmitz@westcomuseum.org </p>
<p><b> Contact Person: </b> Erin Schmitz </p>
<p><b> Latino Materials: </b> Photographs, Artifacts, Books, Newsletters, Audio Visual,  </p>
","248 S. 4th St., 
Grand Junction, CO 81501",39.0656454,-108.5657501
Museum,,darkblue,,,"<center><font size=""5"">Rio Grande County Museum</center></font>",,"<b>Website:</b> <a href=""http://www.museumtrail.org/rio-grande-county-museum.html"" target=""_blank"">http://www.museumtrail.org/rio-grande-county-museum.html</a>
<p><b> Type of Organization: </b> Museum </p> 
<p><b>Address:</b> 580 Oak Street 
Del Norte, CO 81132 </p>
<p><b>Phone:</b> (719) 657-2847 
<p><b> Contact Email: </b> regmuseum@riograndecounty.org </p>
<p><b> Contact Person: </b> Louise Stephens </p>
<p><b> Latino Materials: </b> Artifacts, Books
 </p>","580 Oak Street 
Del Norte, CO 81132",37.677862,-106.3517466
Museum,,darkblue,,,"<center><font size=""5"">Sangre de Cristo Heritage Center</center></font>",,"<b>Website:</b> <a href=""http://www.museumtrail.org/sangre-de-cristo-heritage-center.html"" target=""_blank"">http://www.museumtrail.org/sangre-de-cristo-heritage-center.html</a>
<p><b> Type of Organization: </b> Museum </p>
<p><b>Address:</b> 401 Church Place, PO Box 9
San Luis, CO 81152 </p>
<p><b> Contact Email: </b> ricf.manzanares@gmail.com </p>
<p><b> Contact Person: </b> Rick Manzanares< /p>
<p><b> Latino Materials: </b> Newspapers, Letters and/or correspondence, Photographs, Artifacts, Books, Pamphlets, Newsletters, Audio Visual, Manuscripts </p>
<p><b> Details: </b>  El Democrata 1920s; La Sierra 1970s (land grant issue); museum newsletters very few, not regular and more recent </p>
","401 Church Place
PO Box 9
San Luis, CO 81152",37.199587,-105.4251401
Museum,,darkblue,,,"<center><font size=""5"">Telluride Historical Museum</center></font>",,"<b>Website:</b> <a href=""http://www.telluridemuseum.org/"" target=""_blank"">http://www.telluridemuseum.org/</a>
<p><b> Type of Organization: </b> Museum </p>
<p><b>Address:</b> 201 W. Gregory Ave. 
 P.O. Box 1597
 Telluride, CO 81435 </p>
<p><b>Phone:</b> (970) 728-3344 x3 </p>
<p><b> Contact Email: </b> kathy@telluridemuseum.org </p>
<p><b> Contact Person: </b> Kathy Rohrer </p>
<p><b> Latino Materials: </b> Artifacts </p>
","201 W. Gregory Ave. 
 P.O. Box 1597
 Telluride, CO 81435",37.9397622,-107.8107917
Museum,,darkblue,,,"<center><font size=""5"">The Animas Museum</center></font>",,"<b>Website:</b> <a href=""http://www.animasmuseum.org/"" target=""_blank"">http://www.animasmuseum.org/</a>
<p><b> Type of Organization: </b> Historical Society </p> 
<p><b>Address:</b> P.O. Box 3384
Durango, CO 81302  </p>
<p><b>Phone:</b> (970) 259-2402 </p>
<p><b> Contact Email: </b> amberlark@animasmuseum.org </p>
<p><b> Contact Person: </b> Amber, Lark </p>
<p><b> Latino Materials: </b> Newspapers, Letters and/or correspondence, Photographs </p>
<p><b> Details: </b> Newspaper clippings from the Durango Democrat and/or Durango Herald Democrat related to the pioneer estates of a mixed-raced family of the La Plata Country area. The clippings date to 1914. 
They also have several letters and receipts in this collection from the same family: McCluer/Gallegos. The Gallegos side also owned propriety from a Spanish Land Grant in the Taos, NM area and Sonora, Mexico. The patriarch of the McCluer family was a Confederate soldier.</p> ","P.O. Box 3384
Durango, CO 81302 ",37.2719286,-107.8794976
Genealogical Society,,darkred,,,"<center><font size=""5"">Colorado Society of Hispanic Genealogy</center></font>",,"<b>Website:</b> <a href=""http://www.hispanicgen.org/aboutus.html"" target=""_blank"">http://www.hispanicgen.org/aboutus.html</a>
<p><b> Type of Organization: </b> Genealogical society </p>
<p><b>Address:</b> 2300 South Patton Court
 Denver, CO 80219-5212 </p>
<p><b>Phone:</b> (303) 936-5398 </p>
<p><b> Contact Email: </b> manueldsalazar@gmail.com</p>
<p><b> Contact Person: </b> Manuel D. Salazar</p>
<p><b> Latino Materials: </b> Photographs, Books</p>
","2300 South Patton Court
 Denver, CO 80219-5212",39.674452,-105.038177
Library,,darkorange,,,"<center><font size=""5"">Albuquerque Special Collections Library</center></font>",,"<b>Website:</b> <a href=""http://abqlibrary.org/specialcollections"" target=""_blank"">http://abqlibrary.org/specialcollections</a>

<p><b> Type of Organization: </b> Library </p>
<p><b>Address:</b> 423 Central NE
 Albuquerque, NM 87102 </p>
<p><b>Phone:</b> (505)848-1376 </p>
<p><b> Contact Email: </b> eoconnell@cabq.gov </p>
<p><b> Contact Person: </b> Eileen O'Connell </p>
<p><b> Latino Materials: </b> Newspapers, Books, Armijo Borradile Colligan archival collection; some property records </p>
","423 Central NE
Albuquerque, NM 87102",35.0838743,-106.6424396
Museum,,darkblue,,,"<center><font size=""5"">Herzstein Memorial Museum</center></font>",,"<b>Website:</b> <a href=""http://www.herzsteinmuseum.com/"" target=""_blank"">http://www.herzsteinmuseum.com/</a>

<p><b> Type of Organization: </b> Museum </p>
<p><b>Address:</b> 22 South 2nd Street, 
Clayton, NM 88415, USA </p>
<p><b>Phone:</b> (575) 447-9700 </p>
<p><b> Contact Email: </b> uchs@plateautel.net </p>
<p><b> Contact Person: </b> Victoria Miera-Baker </p>
<p><b> Latino Materials: </b> Artifacts, Manuscripts </p>
","22 South 2nd Street, 
Clayton, NM 88415, USA",36.452026,-103.183135
Library,,darkorange,,,"<center><font size=""5"">Menhaul Historical Library of The Southwest</center></font>",,"<b>Website:</b> <a href=""http://menaulhistoricallibrary.org/"" target=""_blank"">http://menaulhistoricallibrary.org/</a>

<p><b> Type of Organization: </b> Library </p>
<p><b>Address:</b> 301 Menaul Blvd NE
Albuquerque, New Mexico 87107 </p>
<p><b>Phone:</b> 505-343-7480 </p>
<p><b> Contact Email: </b> nmontoya9517@gmail.com </p>
<p><b> Contact Person: </b> Nancy C. Montoya </p>
<p><b> Latino Materials: </b> Letters and/or correspondence, Photographs, Artifacts, Books, Newsletters, Audio Visual, Manuscripts, Church records, other historical documents </p>
<p><b> Details: </b> Letters and /or correspondence 1,000+, Photographs 1,000+, Artifacts 300+, Books 1,500+, Pamphlets/Newsletters 300+, AV 500+, Manuscripts 1,500+, Church records/Historical docs 10,000+ </p> ","301 Menaul Blvd NE
Albuquerque, New Mexico 87107",35.1107087,-106.6382253
Museum,,darkblue,,,"<center><font size=""5"">Los Lunas Museum of Heritage and Arts</center></font>",,"<b>Website:</b> <a href=""http://www.loslunasnm.gov/104/Museum-of-Heritage-and-Arts"" target=""_blank"">http://www.loslunasnm.gov/104/Museum-of-Heritage-and-Arts</a>

<p><b> Type of Organization: </b> Museum </p>
<p><b>Address:</b> P.O. Box 1209
Los Lunas, NM 87031  </p>
<p><b>Phone:</b> (505) 352-7720 </p>
<p><b> Contact Email: </b> ainswortht@loslunasnm.gov </p>
<p><b> Contact Person: </b> Troy M. Ainsworth, Ph.D. </p>
<p><b> Latino Materials: </b> Newspapers, Letters and/or correspondence, Photographs, Artifacts, Books, Pamphlets, Newsletters, Audio Visual, Manuscripts </p>
<p><b> Details: </b> Newspaper Valencia County News Bulliten approximately 1997-present; Newsletters: Hispanic Geneology Society bound by year 1970-present; Museum quarterly newsletter with museum tour, exhibits and speakers information </p>","P.O. Box 1209
Los Lunas, NM 87031 ",34.806166,-106.7333599
Museum,,darkblue,,,"<center><font size=""5"">New Mexico History Museum</center></font>",,"<b>Website:</b> <a href=""http://www.nmhistorymuseum.org/"" target=""_blank"">http://www.nmhistorymuseum.org/</a>

<p><b> Type of Organization: </b> Museum </p>
<p><b>Address:</b> 113 Lincoln Avenue
 Santa Fe, NM 87501 </p> 
<p><b>Phone:</b> (505) 476-5087 </p> 
<p><b> Contact Email: </b> rene.harris@state.nm.us </p>
<p><b> Contact Person: </b> Rene Harris </p>
<p><b> Latino Materials: </b>  Newspapers, Letters and/or correspondence, Photographs, Artifacts, Books, Pamphlets, Newsletters, Audio Visual, Manuscripts </p>
","113 Lincoln Avenue
 Santa Fe, NM 87501",35.6882901,-105.9383956
Museum,,darkblue,,,"<center><font size=""5"">Belen Public Library & Harvey House Museum</center></font>",,"<b>Website:</b> <a href=""http://www.belen-nm.gov/belen-harvey-house-museum.aspx"" target=""_blank"">http://www.belen-nm.gov/belen-harvey-house-museum.aspx</a>
<p><b> Type of Organization: </b>Library and Museum </p>
<p><b>Address:</b> 104 North First Street
 Belen NM, 87002 </p>
<p><b>Phone:</b> (505) 966-2604</p>
<p><b> Contact Email: </b> julie.sanchez@belen-nm.gov</p>
<p><b> Contact Person: </b> Julie Sanchez</p>
<p><b> Latino Materials: </b> Letters and/or correspondence, Photographs, Artifacts, Books</p>
","104 North First Street
 Belen NM, 87002",34.6600137,-106.7677658
Archive,,goldenrod,,,"<center><font size=""5"">State Archives of New Mexico</center></font>",,"
<p><b> Type of Organization: </b> Archive </p>
<p><b>Address:</b> 1205 Camino Carlos Rey, Santa Fe, NM 87507 </p>
<p><b>Phone:</b> (505) 476-7954 </p>
<p><b> Contact Email: </b> felicia.lujan@state.nm.us </p>
<p><b> Contact Person: </b> Felicia Lujan </p>
<p><b> Latino Materials: </b> Varies by collection</p> 
","1205 Camino Carlos Rey, Santa Fe, NM 87507",35.657049,-105.984931
Museum,,darkblue,,,"<center><font size=""5"">Bastrop Museum & Visitor Center of the Bastrop County Historical Society</center></font>",,"<b>Website:</b> <a href=""http://www.bastropcountyhistoricalsociety.com/"" target=""_blank"">http://www.bastropcountyhistoricalsociety.com/</a>

<p><b> Type of Organization: </b>  Museum </p>
<p><b>Address:</b> 904 Main St
 Bastrop, TX 78602 </p>
<p><b>Phone:</b> (512) 303-0057 </p>
<p><b> Contact Email: </b> archivist@bchs1832.org </p>
<p><b> Contact Person: </b> Carol Kysar </p>
<p><b> Latino Materials: </b> Newspapers, Letters and/or correspondence, Photographs, Audio Visual, Manuscripts, applications for historical recognition </p>
<p><b>Details:</b> Bastrop Advertiser back copies from 1857 through 2008. Total number of issues is 2,942.
<p>35 photographs, 26 newspaper articles, 27 manuscripts, 5 letters/correspondence, 1 audio visual, 2 applications for historical recognition, 9 report cards and certificates, 9 miscellaneous, 2  pamphlets </p> 
","904 Main St
 Bastrop, TX 78602",30.1094254,-97.3202243
Museum,,darkblue,,,"<center><font size=""5"">Bryan Museum</center></font>",,"<b>Website:</b> <a href=""https://www.thebryanmuseum.org/"" target=""_blank"">https://www.thebryanmuseum.org/</a>

<p><b> Type of Organization: </b> Museum </p>
<p><b>Address:</b> 1315 21st St. 
Galveston, TX 77550 </p>
<p><b>Phone:</b> (409) 632-7687 </p>
<p><b> Contact Email: </b> nathan@thebryanmuseum.org </p>
<p><b> Contact Person: </b> Nathan Jones </p>
<p><b> Latino Materials: </b> Newspapers, Letters and/or correspondence, Photographs, Artifacts, Books, Pamphlets
<p> <b> Details: </b> The Bryan Museum collections: ""LaGaviota"" 1-pg, 2-sided, weekly Spanish publication for the following 1849 dates (11 items): 1849: June 16, June 30, July 7, July 14, July 21, July 28, August 11, August 18, August 25, September 1, and September 8. Diario del Gobierno de la Republica Mexicana The official newspaper of the Mexican goverment, with extensive coverage of reports and speeches on Texas and the events leading to the Mexican-American War.  January 1, 1845 - January 31, 1846.  214 issues in one volume, each 4 pages [245] - 488. 124 pages. 20 1/4 x 13 1/2 "" La Opinion: Periodico del Gobierno de San Luis </p>  Potosi 4-page periodical newspaper, <i>La Opinion, Periodico del Gobierno de San Luis Potisi </i>. Issue of Thursday, December 15, 1836. Covers San Jacinto and Santa Anna declarations about his treatment as a prisoner of war.</p>","1315 21st St. 
Galveston, TX 77550",29.2973993,-94.7890658
Genealogical Society,,darkred,,,"<center><font size=""5"">Chaparral Genealogical Library and Society</center></font>",,"<b>Website:</b> <a href=""http://www.chaparralgensoc.org/"" target=""_blank"">http://www.chaparralgensoc.org/</a>

<p><b> Type of Organization: </b> Genealogical Society </p>
<p><b>Address:</b> 310 N Live Oak P.O. Box 606 Tomball, TX 77375 </p> 
<p><b> Contact Email: </b> chaparral8041@sbcglobal.net </p>
<p><b> Contact Person: </b> Mary Williams </p>
<p><b> Latino Materials: </b> Books </p>
","310 N Live Oak P.O. Box 606 Tomball, TX 77375 or                                  31350 Friendship Dr Magnolia, TX 77355",30.1015128,-95.6126444
Historical Society,,darkgreen,,,"<center><font size=""5"">Cherokee County Historical Commission</center></font>",,"<b>Website:</b> <a href=""http://www.cherokeecountytexashistory.com/"" target=""_blank"">http://www.cherokeecountytexashistory.com/</a>

<p><b> Type of Organization: </b> Historical Society </p>
<p><b>Address:</b> 138 W Fifth St
 Rusk, TX 75785 </p>
<p><b>Phone:</b> 
<br>(903) 284-0412
<br> (903) 586-0135 </p>
<p><b> Contact Email: </b>
<br> vega2002dh@yahoo.com 
<br> gordonbe@suddenlink.net </p>
<p><b> Contacts: </b> 
<br>Diana H. Vega
<br>Gordon Bennett </p>
<p><b> Latino Materials: </b> Newspapers, Photographs</p> 
","P.O. Box 532                
138 W Fifth St
 Rusk, TX 75785",31.7947681,-95.1510315
Library,,darkorange,,,"<center><font size=""5"">El Paso Public Library Southwest Collection & Border Heritage Section</center></font>",,"<b>Website:</b> <a href=""http://www.elpasolibrary.org/research/border-heritage-section"" target=""_blank"">http://www.elpasolibrary.org/research/border-heritage-section</a>

<p><b> Type of Organization: </b> Library </p>
<p><b>Address:</b> 501 N Oregon El Paso, TX 79901 </p>
<p><b>Phone:</b> (915) 212-3218 </p>
<p><b> Contact Email: </b> gonzalezdx@elpasotexas.gov </p>
<p><b> Contact Person: </b> Danny Gonzalez </p>
<p><b> Latino Materials: </b> Newspapers, Letters and/or correspondence, Photographs, Books, Pamphlets, Newsletters, Audio Visual, Manuscripts </p>
","501 N Oregon El Paso, TX 79901",31.7605017,-106.4907446
Archive,,goldenrod,,,"<center><font size=""5"">Fayette Heritage Museum & Archives</center></font>",,"<b>Website:</b> <a href=""http://www.fayettecountyhistory.org/fhm_archives.htm"" target=""_blank"">http://www.fayettecountyhistory.org/fhm_archives.htm</a>

<p><b> Type of Organization: </b> Archive </p>
<p><b>Address:</b> 855 S Jefferson St La Grange, TX 78945 </p>
<p><b>Phone:</b> (979) 968-3765 </p>
<p><b> Contact Email: </b> archives@cityoflg.com </p>
<p><b> Contact Person: </b> Maria Rocha </p>
<p><b> Latino Materials: </b> Photographs, have very few Hispanic family files and pictures </p>
","855 S Jefferson St La Grange, TX 78945",29.8993031,-96.8716658
Historical Society,,darkgreen,,,"<center><font size=""5"">Historic Waco Foundation</center></font>",,"<b>Website:</b> <a href=""http://www.historicwaco.org/"" target=""_blank"">http://www.historicwaco.org/</a>

<p><b> Type of Organization: </b> Historical Society </p>
<p><b>Address:</b> 810 S 4Th St Waco, TX 76706 </p>
<p><b>Phone:</b> (254) 753-5166
<p><b> Contact Email: </b> historicwacoexec@gmail.com </p>
<p><b> Contact Person: </b> Jill Barrow </p>
<p><b> Latino Materials: </b> Photographs </p>
","810 S 4Th St Waco, TX 76706",31.5519421,-97.1238135
Museum,,darkblue,,,"<center><font size=""5"">San Elizario Genealogy & Historical Society</center></font>",,"<b>Website:</b> <a href=""http://www.sanelizariogenealogy.com/"" target=""_blank"">http://www.sanelizariogenealogy.com/</a>

<p><b> Type of Organization: </b> Museum, Genealogical Society, Historical Society </p>
<p><b>Address:</b> P.O. Box 1090 San Elizario, TX 79849 </p>
<p><b>Phone:</b> (915) 526-7681 </p>
<p><b> Contact Email: </b> ab@alborrego.com </p>
<p><b> Contact Person: </b> Al Borrego </p>
<p><b> Latino Materials: </b> Newspapers, Letters and/or correspondence, Photographs, Artifacts, Books, Pamphlets, Newsletters, Audio Visual, Manuscripts </p>
<p><b> Details: </b> Newsletters 1989- Los Portales Newsletter Newspaper clippings 1989- Family History Binders- over 25000- Copies of archives Camino Real de Tierra Adentro: binational committee trying to get valle de allende nominated to unesco, collecting info from archives in mexico and spain and around the community letters about the expedition, vicerroy documents (mostly), don juan de Oñate documents from when he spoke to the Vicerroy, documents from the scribe, 1580 documents from the Espejo Rodríguez collection from Precidio, maps; the blue nun sor maria de jesus around pecos river from agreda Spain that is also part of the nomination </p>","P.O. Box 1090 San Elizario, TX 79849",31.5851146,-106.2727573
Historical Society,,darkgreen,,,"<center><font size=""5"">Magoffin Home State Historic Site</center></font>",,"<b>Website:</b> <a href=""http://www.thc.texas.gov/historic-sites/magoffin-home-state-historic-site"" target=""_blank"">http://www.thc.texas.gov/historic-sites/magoffin-home-state-historic-site</a>

<p><b> Type of Organization: </b> Historical Society </p>
<p><b>Address:</b> 1120 Magoffin Ave. El Paso, Texas 79901 </p>
<p><b>Phone:</b> (512) 936-1520 </p>
<p><b> Contact Email: </b> ellen.busch@thc.texas.gov </p>
<p><b> Contact Person: </b> Ellen Cone Busch </p>
<p><b> Latino Materials: </b> Letters and/or correspondence, Photographs, Artifacts </p>
","1120 Magoffin Ave. El Paso, Texas 79901",31.7624538,-106.4769847
Historical Society,,darkgreen,,,"<center><font size=""5"">Midland Historical Society</center></font>",,"<b>Website:</b> <a href=""http://midlandhistoricalsociety.com/"" target=""_blank"">http://midlandhistoricalsociety.com/</a>

<p><b> Type of Organization: </b> Historical Society </p>
<p><b>Address:</b> P.O. Box 5901 Midland, TX 79704 </p>
<p><b>Phone:</b> (432) 416-0871 </p>
<p><b> Contact Email: </b> jcollett@sbcglobal.net </p>
<p><b> Contact Person: </b> James Collett </p>
<p><b> Latino Materials: </b> No Answer</p> 
","P.O. Box 5901 Midland, TX 79704",31.9987709,-102.1028065
Museum,,darkblue,,,"<center><font size=""5"">Mission Historical Museum</center></font>",,"<b>Website:</b> <a href=""http://missiontexas.us/city-departments/mission-historical-museum/"" target=""_blank"">http://missiontexas.us/city-departments/mission-historical-museum/</a>

<p><b> Type of Organization: </b> Museum </p>  
<p><b>Address:</b> 1201 E 8Th St Mission, TX 78572 </p>
<p><b>Phone:</b> (956) 580-8646 x104 </p>
<p><b> Contact Email: </b> archives@missionmuseum.org </p>
<p><b> Contact Person: </b> Vernon Weckbacher </p>
<p><b> Latino Materials: </b> Newspapers, Letters and/or correspondence, Photographs, Artifacts, Books, Pamphlets, Newsletters, Audio Visual, Manuscripts </p>
<p><b> Deatails: </b>  Have about 11,000 items in object and archival collections. Most of them would have some connection to Latina/o or Hispanic culture in one or more of its many forms. </p> 
","1201 E 8Th St Mission, TX 78572",26.2123301,-98.3129527
Museum,,darkblue,,,"<center><font size=""5"">El Paso Museum of History</center></font>",,"<b>Website:</b> <a href=""http://digie.org/media/2086"" target=""_blank"">http://digie.org/media/2086</a>

<p><b> Type of Organization: </b> Museum </p> 
<p><b>Address:</b> 510 N Santa Fe St El Paso, TX 79901</p> 
<p><b>Phone:</b> (915) 212-3160 </p>
<p><b> Contact Email: </b> grabitskedx@elpasotexas.gov </p>
<p><b> Contact Person: </b> David Grabitske </p>
<p><b> Latino Materials: </b> Photographs, Artifacts, Audio Visual 
</p>","510 N Santa Fe St El Paso, TX 79901",31.760231,-106.491481
Museum,,darkblue,,,"<center><font size=""5"">Panhandle Plains Historical Museum</center></font>",,"<b>Website:</b> <a href=""http://nuecescountyhistoricalsociety.org/"" target=""_blank"">http://nuecescountyhistoricalsociety.org/</a>

<p><b>Type of Organization: </b> Museum </p> 
<p><b>Address:</b> 2503 4Th Ave Canyon, TX 79015 </p>
<p><b>Phone:</b> (806) 651-2262 </p>
<p><b>Contact Email: </b> mgrauer@pphm.wtamu.edu </p>
<p><b>Contact Person: </b> Michael R. Grauer </p>
<p><b>Latino Materials: </b> Newspapers, Letters and/or correspondence, Photographs, Artifacts, Books, Pamphlets, Newsletters, Manuscripts, Extensive Spanish and Mexican </p>
<p><b>Details: </b> They have over 2 million artifacts in our collection. Much of their Hispanic collections are archaeological </p>","2503 4Th Ave Canyon, TX 79015",34.9798764,-101.9157022
Museum,,darkblue,,,"<center><font size=""5"">San Jacinto Museum of History</center></font>",,"<b>Website:</b> <a href=""http://www.sanjacinto-museum.org/"" target=""_blank"">http://www.sanjacinto-museum.org/</a>
 
<p><b> Type of Organization: </b> Museum </p>
<p><b>Address:</b> One Monument Circle La Porte, TX 77571-9585 </p>
<p><b>Phone:</b> (281) 479-2421 </p>
<p><b>Contact Email: </b> lstruthers@sanjacinto-museum.org </p>
<p><b>Contact Person: </b> Lisa Struthers </p>
<p><b>Latino Materials: </b> Newspapers, Letters and/or correspondence, Photographs, Artifacts, Books, Pamphlets, Manuscripts </p>","One Monument Circle La Porte, TX 77571-9585",29.749857,-95.0807114
Museum,,darkblue,,,"<center><font size=""5"">The Heritage Museum at Falfurrias Texas</center></font>",,"<b>Website:</b> <a href=""http://ci.falfurrias.tx.us/index.php/about-us2/attractions/the-heritage-museum-at-falfurrias-texas"" target=""_blank"">http://ci.falfurrias.tx.us/index.php/about-us2/attractions/the-heritage-museum-at-falfurrias-texas</a>

<p><b>Type of Organization: </b> Museum, </p>
<p><b>Address:</b> 415 N St Mary's Falfurrias, TX </p>
<p><b>Phone:</b> (361) 474-5522 </p>
<p><b> Contact Email: </b> ltcantu@bcisd.esc2.net </p>
<p><b> Contact Person: </b> Lourdes Treviño-Cantu </p>
<p><b> Latino Materials: </b> Newspapers, Letters and/or correspondence, Photographs, Artifacts, Books, Pamphlets, Audio Visual, memorabilia </p>
<p><b> Details: </b> Photographs: over 100 plus 99,000 negatives from the Carol Dryden negative collection. Newspapers: 50-75.  Records/CD: more than 40. Memorabilia: inventory number unknown. Artifacts: inventory number unknown but they date from the late 1800's to the 1960's.</p>","415 N St Mary's Falfurrias, TX",27.229702,-98.14384
Museum,,darkblue,,,"<center><font size=""5"">Webb County Heritage Foundation</center></font>",,"<b>Website:</b> <a href=""http://webbheritage.org/"" target=""_blank"">http://webbheritage.org/</a>

<p><b>Type of Organization: </b> Museum </p> 
<p><b>Address:</b>  500 Flores Ave Laredo, TX 78042-0446 </p>
<p><b>Phone:</b> (956) 727-0977 </p>
<p><b>Contact Email: </b> cdavila@webbheritage.org </p>
<p><b>Contact Person: </b> Christina Davila </p>
<p><b>Latino Materials: </b> Newspapers, Letters and/or correspondence, Photographs, Artifacts, Books, Pamphlets, Newsletters, Audio Visual </p>
<p><b>Details: </b>  Newsletter, Heritage Register which is published once a year in December with about 1000 copies and over 30 years in print. </p>","500 Flores Ave Laredo, TX 78042-0446",,
Historical Society,,darkgreen,,,"<center><font size=""5"">Wise County Historical Society</center></font>",,"<b>Website:</b> <a href=""http://www.wisehistory.com/"" target=""_blank"">http://www.wisehistory.com/</a>

<p><b>Type of Organization: </b> Historical Society </p>
<p><b>Address:</b> 1602 S Trinity St Decatur, TX 76234 </p>
<p><b>Phone:</b> (303) 828-4561 </p>
<p><b> Contact Email: </b> sarws@aol.com </p>
<p><b> Contact Person: </b> Sarah Allene Wise </p>
<p><b> Latino Materials: </b> </p>","1602 S Trinity St Decatur, TX 76234",33.24653,-97.5863
Museum,,darkblue,,,"<center><font size=""5"">Museum of South Texas History</center></font>",,"<b>Website:</b> <a href=""https://mosthistory.org/"" target=""_blank"">https://mosthistory.org/</a>

<p><b>Type of Organization: </b> Museum </p>
<p><b>Address:</b> 200 N Closner Blvd Edinburg, TX 78541 </p>
<p><b>Phone:</b> (956) 383-6911 </p>
<p><b>Contact Email: </b> kfrancis-love@mosthistory.org </p>
<p><b>Contact Person: </b>Kelly Francis-Love</p>
<p><b>Latino Materials: </b> Newspapers </p>
<p><b>Details:</b> <i>Edinburg Daily Review</i>; <i>Mission Times</i>; <i>Las Dos Repúblicas</i>; <i>El Porvenir</i>; <i>Hidalgo County Independent</i>; <i>Diógenes</i>; <i>El Defensor</i>; <i>El Mirador</i>; <i>Pharr Press</i>; <i>La Verdad</i>; <i>Mcallen Monitor</i>; <i>San Juan Sentinal</i>; etc </p>","200 N Closner Blvd Edinburg, TX 78541",26.302511,-98.16214
Historical Society,,darkgreen,,,"<center><font size=""5"">Arizona History Museum</center></font>",,"<b>Website:</b> <a href=""https://arizonahistoricalsociety.org/research/library-archives/"" target=""_blank"">https://arizonahistoricalsociety.org/research/library-archives/</a>

<p><b>Type of Organization: </b> Historical Society </p>
<p><b>Address:</b> 949 E. 2nd St. Tucson, AZ 85719</p>
<p><b>Phone:</b> (520) 628-5774 </p>
<p><b>Contact Email: </b> ahsreference@azhs.gov</p>
<p><b>Contact Person: </b></p>
<p><b>Latino Materials: </b> Newspapers, Photographs, Oral histories, Mutalista records, Newsletters and Organizational records </p>
","949 E 2nd St. Tucson, AZ 85719",32.233457,-110.957441
Historical Society,,darkgreen,,,"<center><font size=""5"">Arizona Heritage Center at Papago Park</center></font>",,"<b>Website:</b> <a href=""https://arizonahistoricalsociety.org/research/library-archives/"" target=""_blank"">https://arizonahistoricalsociety.org/research/library-archives/</a>

<p><b>Type of Organization: </b> Historical Society </p>
<p><b>Address:</b> 1300 N. College Ave. Tempe, AZ 85281</p>
<p><b>Phone:</b> (480) 929-0292 </p>
<p><b>Contact Email: </b> ahsreference@azhs.gov</p>
<p><b>Contact Person: </b></p>
<p><b>Latino Materials: </b> Newspapers, Photographs, Oral histories, Mutalista records, Newsletters and Organizational records </p>
<p><b>Details:</b> </p>","1300 N. College Ave. Tempe, AZ 85281",33.443284,-111.933908
University or College,,white,,,"<center><font size=""5"">Austin Seminary Archives</center></font>",,"<b>Website:</b> <a href=""https://www.austinseminary.edu/library/austin-seminary-archives/our-collections"" target=""_blank"">https://www.austinseminary.edu/library/austin-seminary-archives/our-collections</a>

<p><b>Type of Organization: </b>University or College </p>
<p><b>Address:</b> 100 E 27th St Austin, TX 78705</p>
<p><b>Phone:</b> (512) 404-4875 </p>
<p><b>Contact Email: </b>ksorensen@austinseminary.edu</p>
<p><b>Contact Person: </b>Kristy Sorensen</p>
<p><b>Latino Materials: </b> Letters and/or correspondence, photographs, books, newsletters, audio/visual (video cassettes, audio cassettes, records, compact discs), manuscripts </p>
<p><b>Details:</b> <a href="https://docs.google.com/document/d/1NzUJkVsmH4UbaG0qsjfgvPXUMsxlfU2Ygc_t8sudnBI/edit?usp=sharing" target="_blank">Extended Details</a> </p>","100 E 27th St Austin, TX 78705",30.292034,-97.7384875
